{
  "timestamp": "2025-11-15T17:33:47.461816+00:00",
  "pt_offsets": {
    "0": 9.353906473750229,
    "1": 1.4263451949564354,
    "2": 1.6928673799555538,
    "3": 3.7145512529940525,
    "4": 3.4164594660079373,
    "5": 14.156878838353371,
    "6": 2.880071275238427,
    "7": -3.314602572596165,
    "8": 0.6508246452107957,
    "9": 1.592946147498303,
    "10": 0.6352961442050997,
    "11": 0.7048115554339762,
    "12": 3.35833599319077,
    "13": 2.203439307417787,
    "14": 2.268643812456367,
    "15": 2.6555927190538284
  },
  "lc_offsets": {
    "0": -5.011123104720385,
    "1": -2.4861301179309443,
    "2": 119.67572464711697,
    "3": 129.78040397265244
  }
}