{
  "timestamp": "2026-01-29T00:11:55.397231+00:00",
  "pt_offsets": {
    "0": 9.460777608202298,
    "1": 1.3128519840749087,
    "2": 1.8370942376312593,
    "3": -3.1784893976742055,
    "4": 2.847813239563374,
    "5": 14.24735869451521,
    "6": 2.313146133014338,
    "7": 1.5104354328178138,
    "8": 0.3182619999802794,
    "9": 1.4924840028574249,
    "10": 0.4367158077189792,
    "11": 0.39208235693469207,
    "12": 2.6675911347623096,
    "13": 1.9528986187516417,
    "14": 2.1882937662776323,
    "15": 2.553261968687881
  },
  "lc_offsets": {
    "0": 0.0,
    "1": 0.0,
    "2": 130.0,
    "3": 129.0
  }
}