{
  "timestamp": "2026-01-13T22:18:38.360515+00:00",
  "pt_offsets": {
    "12": 3.448152002582111,
    "15": 2.6425862397305155,
    "0": 10.530472429423066,
    "1": 1.5684575777326348,
    "2": 1.8431917931551745,
    "3": 2.614778436111076,
    "4": 2.832249720826768,
    "5": 13.42500826269466,
    "6": 2.2951485094516997,
    "7": -3.157442996349444,
    "8": -375.00681057612957,
    "9": 1.5520581038033776,
    "10": 0.43809267509536953,
    "11": 0.584884767823507,
    "13": 2.0210781407998812,
    "14": 2.2564732883258722
  },
  "lc_offsets": {
    "0": 0.0,
    "1": 0.0,
    "2": -123.28866334159862,
    "3": 132.6738155490956
  }
}